{"glm.transformer.layers.0.attention.query_key_value": 0.07954589843750004, "glm.transformer.layers.0.attention.dense": 0.23572265625000005, "glm.transformer.layers.0.mlp.dense_h_to_4h": 0.13104492187500003, "glm.transformer.layers.0.mlp.dense_4h_to_h": 0.38203125, "glm.transformer.layers.1.attention.query_key_value": 0.12873779296875004, "glm.transformer.layers.1.attention.dense": 0.545859375, "glm.transformer.layers.1.mlp.dense_h_to_4h": 0.12960937500000005, "glm.transformer.layers.1.mlp.dense_4h_to_h": 0.5015625, "glm.transformer.layers.2.attention.query_key_value": 0.13134277343750006, "glm.transformer.layers.2.attention.dense": 0.42638671875000006, "glm.transformer.layers.2.mlp.dense_h_to_4h": 0.13153808593750005, "glm.transformer.layers.2.mlp.dense_4h_to_h": 0.48837890624999997, "glm.transformer.layers.3.attention.query_key_value": 0.12965820312500007, "glm.transformer.layers.3.attention.dense": 0.25640625, "glm.transformer.layers.3.mlp.dense_h_to_4h": 0.13196044921875005, "glm.transformer.layers.3.mlp.dense_4h_to_h": 0.3421875, "glm.transformer.layers.4.attention.query_key_value": 0.12890625000000006, "glm.transformer.layers.4.attention.dense": 0.22447265625, "glm.transformer.layers.4.mlp.dense_h_to_4h": 0.13138427734375008, "glm.transformer.layers.4.mlp.dense_4h_to_h": 0.24609375, "glm.transformer.layers.5.attention.query_key_value": 0.13093750000000004, "glm.transformer.layers.5.attention.dense": 0.18837890625, "glm.transformer.layers.5.mlp.dense_h_to_4h": 0.12976562500000008, "glm.transformer.layers.5.mlp.dense_4h_to_h": 0.27458984375, "glm.transformer.layers.6.attention.query_key_value": 0.13203125000000007, "glm.transformer.layers.6.attention.dense": 0.27609375, "glm.transformer.layers.6.mlp.dense_h_to_4h": 0.13173339843750007, "glm.transformer.layers.6.mlp.dense_4h_to_h": 0.41367187499999997, "glm.transformer.layers.7.attention.query_key_value": 0.13060546875000006, "glm.transformer.layers.7.attention.dense": 0.2871875, "glm.transformer.layers.7.mlp.dense_h_to_4h": 0.12954589843750006, "glm.transformer.layers.7.mlp.dense_4h_to_h": 0.427734375, "glm.transformer.layers.8.attention.query_key_value": 0.13110351562500006, "glm.transformer.layers.8.attention.dense": 0.236572265625, "glm.transformer.layers.8.mlp.dense_h_to_4h": 0.12872070312500006, "glm.transformer.layers.8.mlp.dense_4h_to_h": 0.45439453124999996, "glm.transformer.layers.9.attention.query_key_value": 0.13007324218750005, "glm.transformer.layers.9.attention.dense": 0.195400390625, "glm.transformer.layers.9.mlp.dense_h_to_4h": 0.12089843750000002, "glm.transformer.layers.9.mlp.dense_4h_to_h": 0.41630859375, "glm.transformer.layers.10.attention.query_key_value": 0.13196044921875005, "glm.transformer.layers.10.attention.dense": 0.266455078125, "glm.transformer.layers.10.mlp.dense_h_to_4h": 0.12843505859375004, "glm.transformer.layers.10.mlp.dense_4h_to_h": 0.31142578125, "glm.transformer.layers.11.attention.query_key_value": 0.12930175781250006, "glm.transformer.layers.11.attention.dense": 0.17365234375000002, "glm.transformer.layers.11.mlp.dense_h_to_4h": 0.12953125000000004, "glm.transformer.layers.11.mlp.dense_4h_to_h": 0.292236328125, "glm.transformer.layers.12.attention.query_key_value": 0.12842285156250005, "glm.transformer.layers.12.attention.dense": 0.15793945312500005, "glm.transformer.layers.12.mlp.dense_h_to_4h": 0.12841308593750006, "glm.transformer.layers.12.mlp.dense_4h_to_h": 0.31142578125, "glm.transformer.layers.13.attention.query_key_value": 0.12914062500000006, "glm.transformer.layers.13.attention.dense": 0.18621093750000006, "glm.transformer.layers.13.mlp.dense_h_to_4h": 0.12965820312500007, "glm.transformer.layers.13.mlp.dense_4h_to_h": 0.32314453125, "glm.transformer.layers.14.attention.query_key_value": 0.12911132812500006, "glm.transformer.layers.14.attention.dense": 0.15673828125000003, "glm.transformer.layers.14.mlp.dense_h_to_4h": 0.13171875000000005, "glm.transformer.layers.14.mlp.dense_4h_to_h": 0.3703125, "glm.transformer.layers.15.attention.query_key_value": 0.13144531250000005, "glm.transformer.layers.15.attention.dense": 0.11837890625000001, "glm.transformer.layers.15.mlp.dense_h_to_4h": 0.13190917968750004, "glm.transformer.layers.15.mlp.dense_4h_to_h": 0.3474609375, "glm.transformer.layers.16.attention.query_key_value": 0.13222656250000006, "glm.transformer.layers.16.attention.dense": 0.11615234375000001, "glm.transformer.layers.16.mlp.dense_h_to_4h": 0.12939453125000003, "glm.transformer.layers.16.mlp.dense_4h_to_h": 0.3943359375, "glm.transformer.layers.17.attention.query_key_value": 0.12911376953125006, "glm.transformer.layers.17.attention.dense": 0.15970703125000005, "glm.transformer.layers.17.mlp.dense_h_to_4h": 0.12981445312500003, "glm.transformer.layers.17.mlp.dense_4h_to_h": 0.42539062499999997, "glm.transformer.layers.18.attention.query_key_value": 0.13217041015625006, "glm.transformer.layers.18.attention.dense": 0.15891113281250005, "glm.transformer.layers.18.mlp.dense_h_to_4h": 0.13080078125000005, "glm.transformer.layers.18.mlp.dense_4h_to_h": 0.3626953125, "glm.transformer.layers.19.attention.query_key_value": 0.13094238281250006, "glm.transformer.layers.19.attention.dense": 0.15844726562500003, "glm.transformer.layers.19.mlp.dense_h_to_4h": 0.12509765625000002, "glm.transformer.layers.19.mlp.dense_4h_to_h": 0.44736328124999997, "glm.transformer.layers.20.attention.query_key_value": 0.13082763671875006, "glm.transformer.layers.20.attention.dense": 0.15810546875000003, "glm.transformer.layers.20.mlp.dense_h_to_4h": 0.123515625, "glm.transformer.layers.20.mlp.dense_4h_to_h": 0.43857421874999997, "glm.transformer.layers.21.attention.query_key_value": 0.07546875000000003, "glm.transformer.layers.21.attention.dense": 0.16142578124999998, "glm.transformer.layers.21.mlp.dense_h_to_4h": 0.13073242187500006, "glm.transformer.layers.21.mlp.dense_4h_to_h": 0.31728515625, "glm.transformer.layers.22.attention.query_key_value": 0.07621582031250002, "glm.transformer.layers.22.attention.dense": 0.11380371093750001, "glm.transformer.layers.22.mlp.dense_h_to_4h": 0.13025390625000005, "glm.transformer.layers.22.mlp.dense_4h_to_h": 0.32373046875, "glm.transformer.layers.23.attention.query_key_value": 0.13128662109375006, "glm.transformer.layers.23.attention.dense": 0.11452148437500001, "glm.transformer.layers.23.mlp.dense_h_to_4h": 0.13101562500000005, "glm.transformer.layers.23.mlp.dense_4h_to_h": 0.31787109375, "glm.transformer.layers.24.attention.query_key_value": 0.07717285156250002, "glm.transformer.layers.24.attention.dense": 0.1365625, "glm.transformer.layers.24.mlp.dense_h_to_4h": 0.13160156250000007, "glm.transformer.layers.24.mlp.dense_4h_to_h": 0.23393554687499998, "glm.transformer.layers.25.attention.query_key_value": 0.07606933593750002, "glm.transformer.layers.25.attention.dense": 0.11933593750000002, "glm.transformer.layers.25.mlp.dense_h_to_4h": 0.13214355468750005, "glm.transformer.layers.25.mlp.dense_4h_to_h": 0.28750000000000003, "glm.transformer.layers.26.attention.query_key_value": 0.07652343750000003, "glm.transformer.layers.26.attention.dense": 0.11953125000000002, "glm.transformer.layers.26.mlp.dense_h_to_4h": 0.13007812500000007, "glm.transformer.layers.26.mlp.dense_4h_to_h": 0.24624023437499998, "glm.transformer.layers.27.attention.query_key_value": 0.07697265625000002, "glm.transformer.layers.27.attention.dense": 0.18890625, "glm.transformer.layers.27.mlp.dense_h_to_4h": 0.12858398437500004, "glm.transformer.layers.27.mlp.dense_4h_to_h": 0.15497558593750002, "glm.transformer.layers.28.attention.query_key_value": 0.07786132812500003, "glm.transformer.layers.28.attention.dense": 0.15318359375000004, "glm.transformer.layers.28.mlp.dense_h_to_4h": 0.13195800781250008, "glm.transformer.layers.28.mlp.dense_4h_to_h": 0.15515625, "glm.transformer.layers.29.attention.query_key_value": 0.07550048828125001, "glm.transformer.layers.29.attention.dense": 0.16284179687500003,